"Dist Code","Year","State Code","State Name","Dist Name","RICE IRRIGATED AREA (1000 ha)","WHEAT IRRIGATED AREA (1000 ha)","KHARIF SORGHUM IRRIGATED AREA (1000 ha)","RABI SORGHUM IRRIGATED AREA (1000 ha)","SORGHUM IRRIGATED AREA (1000 ha)","PEARL MILLET IRRIGATED AREA (1000 ha)","MAIZE IRRIGATED AREA (1000 ha)","FINGER MILLET IRRIGATED AREA (1000 ha)","BARLEY IRRIGATED AREA (1000 ha)","CHICKPEA IRRIGATED AREA (1000 ha)","PIGEONPEA IRRIGATED AREA (1000 ha)","MINOR PULSES IRRIGATED AREA (1000 ha)","PULSES IRRIGATED AREA (1000 ha)","GROUNDNUT IRRIGATED AREA (1000 ha)","SESAMUM IRRIGATED AREA (1000 ha)","LINSEED IRRIGATED AREA (1000 ha)","SUGARCANE IRRIGATED AREA (1000 ha)","COTTON IRRIGATED AREA (1000 ha)","FRUITS AND VEGETABLES IRRIGATED AREA (1000 ha)","FODDER IRRIGATED AREA (1000 ha)"
"7","2017","6","Madhya Pradesh","Jabalpur","54.33","135.06","0.0","0.0","0.0","0.0","0.0","0.0","0.0","41.74","0.02","36.46","78.22","0.0","0.0","0.0","3.38","0.0","11.3","0.362"
"8","2017","6","Madhya Pradesh","Balaghat","150.87","10.84","0.0","0.0","0.0","0.0","0.0","0.0","0.0","2.68","0.0","0.54","3.23","0.34","0.0","0.0","2.36","0.0","2.24","0.154"
"9","2017","6","Madhya Pradesh","Chhindwara","0.21","167.17","0.0","0.0","0.0","0.0","0.0","0.0","0.0","22.48","0.69","5.93","29.1","0.28","0.0","0.07","7.14","4.64","27.55","0.121"
"10","2017","6","Madhya Pradesh","Narsinghpur","27.63","95.13","0.0","0.0","0.0","0.0","0.0","0.0","0.0","83.86","0.0","25.37","109.23","0.0","0.0","0.0","58.68","0.0","4.29","0.72"
"11","2017","6","Madhya Pradesh","Seoni","39.02","143.98","0.0","0.0","0.0","0.0","0.35","0.0","0.0","15.57","0.0","4.22","19.78","0.02","0.1","0.02","0.88","0.0","4.93","0.009"
"12","2017","6","Madhya Pradesh","Mandla","23.59","26.77","0.0","0.0","0.0","0.0","0.0","0.0","0.0","0.41","0.0","0.1","0.51","0.0","0.0","0.01","2.81","0.0","1.71","0.009"
"13","2017","6","Madhya Pradesh","Sagar","0.0","230.22","0.01","0.0","0.01","0.0","0.0","0.0","0.76","108.34","0.0","42.7","151.05","0.0","0.0","0.16","0.29","0.0","8.88","0.0"
"14","2017","6","Madhya Pradesh","Damoh","3.77","98.79","0.0","0.0","0.0","0.0","0.0","0.0","0.01","97.58","0.0","2.43","100.0","0.0","0.0","0.0","0.04","0.0","0.8","0.0"
"15","2017","6","Madhya Pradesh","Tikamgarh","0.0","97.35","0.0","0.0","0.0","0.0","0.0","0.0","6.15","7.32","0.0","4.87","12.19","14.91","0.0","0.02","0.14","0.0","4.73","0.434"
"16","2017","6","Madhya Pradesh","Chhatarpur","0.0","173.07","0.0","0.0","0.0","0.0","0.0","0.0","12.31","35.78","0.0","10.88","46.66","0.01","0.0","5.53","0.09","0.0","4.47","6.873"
"17","2017","6","Madhya Pradesh","Panna","13.53","65.86","0.0","0.0","0.0","0.0","0.0","0.0","1.09","45.81","0.13","10.95","56.89","0.0","0.0","0.03","0.08","0.0","2.1","0.0"
"18","2017","6","Madhya Pradesh","Rewa","58.01","125.02","0.0","0.0","0.0","0.0","0.0","0.0","0.62","6.17","0.0","0.75","6.92","0.0","0.0","0.39","0.04","0.0","7.37","0.131"
"19","2017","6","Madhya Pradesh","Sidhi","29.78","46.76","0.0","0.0","0.0","0.0","0.0","0.0","0.08","0.63","0.0","0.18","0.81","0.0","0.0","0.0","0.0","0.0","1.79","0.0"
"20","2017","6","Madhya Pradesh","Satna","46.89","164.14","0.0","0.0","0.0","0.0","0.0","0.0","3.74","19.46","0.03","1.88","21.36","0.02","0.02","0.01","0.22","0.0","2.35","0.013"
"21","2017","6","Madhya Pradesh","Shahdol","0.0","27.22","0.0","0.0","0.0","0.0","0.0","0.0","0.15","1.56","0.0","0.34","1.9","0.0","0.0","0.07","0.05","0.0","2.16","0.0"
"22","2017","6","Madhya Pradesh","Gwalior","30.19","91.42","0.93","0.0","0.93","0.0","0.0","0.0","0.61","5.24","0.0","4.4","9.63","0.0","0.0","0.0","2.25","0.0","3.11","3.247"
"23","2017","6","Madhya Pradesh","Shivpuri","10.12","180.64","0.0","0.0","0.0","0.0","0.0","0.0","2.78","76.34","0.0","4.25","80.59","0.0","0.0","0.0","0.72","0.0","6.51","1.286"
"24","2017","6","Madhya Pradesh","Guna","0.35","87.29","0.0","0.0","0.0","0.0","0.0","0.0","0.0","161.12","0.0","1.42","162.54","0.0","0.0","0.0","0.58","0.0","1.55","0.17"
"25","2017","6","Madhya Pradesh","Datia","15.2","148.51","0.0","0.0","0.0","0.0","0.0","0.0","3.76","10.44","0.0","14.72","25.16","0.21","0.0","0.0","6.62","0.0","2.03","1.494"
"26","2017","6","Madhya Pradesh","Morena","2.01","118.66","0.0","0.0","0.0","0.04","0.0","0.0","1.09","3.62","3.88","0.47","7.97","0.0","0.01","0.01","0.18","0.0","4.84","1.061"
"27","2017","6","Madhya Pradesh","Bhind","6.53","113.94","0.01","0.0","0.01","0.09","0.0","0.0","3.43","0.99","0.0","3.88","4.86","0.0","0.0","0.0","0.01","0.0","1.65","2.2"
"28","2017","6","Madhya Pradesh","Indore","0.0","141.73","0.0","0.01","0.01","0.0","0.01","0.0","0.0","44.09","0.0","0.95","45.05","0.0","0.0","0.0","0.03","0.0","29.43","0.95"
"29","2017","6","Madhya Pradesh","Ratlam","0.0","127.25","0.0","0.0","0.0","0.0","0.31","0.0","0.03","50.06","0.0","4.74","54.8","0.0","0.0","2.91","0.01","0.77","9.26","1.759"
"30","2017","6","Madhya Pradesh","Ujjain","0.0","241.4","0.0","0.0","0.0","0.0","0.0","0.0","0.01","122.12","0.0","3.75","125.87","0.0","0.0","0.11","0.02","0.0","31.04","2.066"
"31","2017","6","Madhya Pradesh","Mandsaur","0.0","111.36","0.0","0.0","0.0","0.0","0.0","0.0","0.28","25.9","0.0","8.1","34.0","0.0","0.0","8.32","0.01","0.23","10.0","2.235"
"32","2017","6","Madhya Pradesh","Dewas","0.0","146.79","0.0","0.0","0.0","0.0","0.0","0.0","0.22","219.34","0.0","1.75","221.09","0.0","0.0","0.0","0.21","2.62","14.94","0.182"
"33","2017","6","Madhya Pradesh","Dhar","0.0","183.58","0.0","0.0","0.0","0.0","3.99","0.0","0.01","128.12","0.05","1.28","129.46","0.02","0.02","0.0","2.53","69.66","19.17","2.59"
"34","2017","6","Madhya Pradesh","Jhabua","0.0","55.68","0.0","0.0","0.0","0.0","6.71","0.0","0.02","9.4","0.0","0.08","9.48","0.0","0.0","0.0","0.01","5.05","2.74","0.184"
"35","2017","6","Madhya Pradesh","Khargone","0.0","158.29","0.0","0.01","0.01","0.0","4.74","0.0","0.0","118.95","0.84","0.08","119.86","0.3","0.01","0.01","2.92","173.87","7.72","0.647"
"36","2017","6","Madhya Pradesh","Khandwa","0.0","122.8","0.0","0.01","0.01","0.0","3.96","0.0","0.0","43.78","2.51","1.38","47.67","0.0","0.0","0.03","0.46","24.42","12.58","0.029"
"37","2017","6","Madhya Pradesh","Sehore","31.7","246.18","0.0","0.0","0.0","0.0","0.0","0.0","0.03","77.7","0.0","41.74","119.44","0.0","0.0","0.01","0.95","0.0","8.08","3.402"
"38","2017","6","Madhya Pradesh","Raisen","126.74","216.06","0.0","0.0","0.0","0.0","0.0","0.0","0.02","96.2","0.0","6.88","103.09","0.0","0.0","0.0","1.2","0.0","3.54","0.428"
"39","2017","6","Madhya Pradesh","Vidisha","0.25","229.3","0.0","0.0","0.0","0.0","0.0","0.0","0.11","180.55","0.0","36.96","217.51","0.0","0.0","0.0","0.05","0.0","4.19","0.469"
"40","2017","6","Madhya Pradesh","Betul","13.44","153.15","0.0","0.0","0.0","0.0","0.0","0.0","0.0","13.99","0.0","4.29","18.27","0.0","0.01","0.01","13.81","0.03","2.94","0.076"
"41","2017","6","Madhya Pradesh","Rajgarh","0.0","186.63","0.0","0.0","0.0","0.0","0.0","0.0","0.13","73.31","0.0","42.0","115.31","0.0","0.0","0.01","0.01","0.0","10.51","1.972"
"42","2017","6","Madhya Pradesh","Shajapur","0.0","111.35","0.0","0.0","0.0","0.0","0.0","0.0","0.0","44.85","0.0","28.59","73.44","0.0","0.0","0.0","0.03","0.0","20.63","1.323"
"43","2017","6","Madhya Pradesh","Hoshangabad","103.94","269.5","0.0","0.0","0.0","0.0","0.08","0.0","0.0","31.6","0.0","85.3","116.91","0.0","0.03","0.0","4.15","0.0","2.84","0.366"
"44","2017","1","Andhra Pradesh","Srikakulam","185.86","0.0","0.0","0.0","0.0","0.0","21.81","3.91","0.0","0.0","0.0","0.0","0.0","5.37","0.0","0.0","10.5","0.0","6.28","0.0"
"45","2017","1","Andhra Pradesh","Visakhapatnam","89.12","0.0","0.0","0.0","0.0","0.0","1.34","0.29","0.0","0.0","0.0","0.0","0.0","0.61","0.44","0.0","45.25","0.0","8.06","1.18"
"46","2017","1","Andhra Pradesh","East Godavari","375.58","0.0","0.0","0.04","0.04","0.0","11.26","0.0","0.0","0.12","0.0","0.01","0.13","0.06","0.08","0.0","19.6","0.02","34.28","0.427"
"47","2017","1","Andhra Pradesh","West Godavari","392.44","0.01","0.0","0.0","0.0","0.0","59.43","0.0","0.0","0.02","0.05","11.66","11.73","2.55","0.27","0.0","17.63","0.6","27.9","0.847"
"48","2017","1","Andhra Pradesh","Krishna","258.73","0.0","0.01","0.52","0.54","0.0","25.66","0.0","0.0","0.0","0.0","0.0","0.0","0.47","0.0","0.0","23.26","0.11","25.12","1.459"
"49","2017","1","Andhra Pradesh","Guntur","202.49","0.0","0.0","33.85","33.85","0.0","58.1","0.3","0.0","0.0","0.83","20.21","21.04","3.87","0.0","0.0","0.32","53.51","23.57","0.791"
"50","2017","1","Andhra Pradesh","S.P.S.Nellore","224.34","0.0","0.0","0.26","0.26","1.27","0.85","0.1","0.0","0.0","0.0","0.0","0.0","12.06","0.0","0.0","1.65","4.71","25.25","0.277"
"51","2017","1","Andhra Pradesh","Kurnool","100.65","0.0","0.38","15.59","15.96","0.18","27.71","0.0","0.0","14.41","1.59","9.18","25.18","15.22","0.93","0.0","0.66","11.45","30.1","0.005"
"52","2017","1","Andhra Pradesh","Anantapur","30.89","0.01","0.7","1.61","2.31","2.1","9.82","1.92","0.0","0.64","0.03","0.2","0.87","32.72","0.0","0.0","0.12","2.76","76.26","0.223"
"53","2017","1","Andhra Pradesh","Kadapa YSR","54.98","0.01","0.21","1.47","1.68","5.36","3.27","0.17","0.0","0.21","0.11","1.05","1.37","23.14","2.87","0.22","0.46","4.36","69.76","0.705"
"54","2017","1","Andhra Pradesh","Chittoor","64.77","0.0","0.01","0.02","0.03","0.93","1.8","1.62","0.0","0.0","0.04","1.7","1.74","20.41","0.37","0.01","35.36","0.5","58.0","7.695"
"56","2017","20","Telangana","Nizamabad","173.28","0.08","0.0","0.05","0.05","4.75","26.34","0.0","0.0","0.162","0.0","0.371","0.533","0.221","3.853","0.0","0.632","0.0","5.272","19.757"
"57","2017","20","Telangana","Medak","77.54","0.19","0.0","0.47","0.47","0.0","5.99","0.0","0.0","0.0","0.0","0.02","0.02","0.118","0.003","0.0","2.623","0.0","5.207","0.005"
"58","2017","20","Telangana","Mahabubnagar","58.77","0.0","0.0","0.04","0.04","0.0","0.18","0.244","0.0","0.004","0.0","0.017","0.021","18.934","0.199","0.0","0.952","0.0","12.274","0.983"
"59","2017","20","Telangana","Nalgonda","160.74","0.0","0.0","0.0","0.0","0.0","0.04","0.0","0.0","0.0","0.0","0.303","0.303","4.965","0.0","0.0","0.517","0.0","30.219","0.129"
"60","2017","20","Telangana","Warangal","54.0","0.0","0.0","0.0","0.0","0.0","24.24","0.0","0.0","0.588","0.003","0.372","0.963","4.204","0.012","0.0","0.002","50.631","9.593","0.0"
"61","2017","20","Telangana","Khammam","104.13","0.0","0.0","0.13","0.13","0.0","27.16","0.0","0.0","0.007","0.013","1.079","1.099","1.73","0.002","0.0","7.62","10.2","4.687","0.115"
"62","2017","20","Telangana","Karimnagar","101.89","0.0","0.0","0.0","0.0","0.0","14.48","0.0","0.0","0.008","0.007","0.132","0.147","1.834","0.009","0.0","0.0","18.922","4.052","0.0"
"63","2017","20","Telangana","Adilabad","0.17","1.67","0.0","2.91","2.91","0.0","1.13","0.0","0.0","15.702","0.0","0.033","15.735","1.01","0.198","0.0","0.006","23.739","3.028","0.052"
"65","2017","5","Karnataka","Kolar","1.18","0.0","0.0","0.0","0.0","0.0","0.08","1.31","0.0","0.0","0.08","0.0","0.08","0.03","0.0","0.0","0.01","0.0","11.7","0.537"
"66","2017","5","Karnataka","Tumkur","4.86","0.0","0.0","0.0","0.0","0.0","2.83","3.18","0.0","0.02","3.34","0.14","3.51","5.08","0.0","0.2","1.15","0.51","15.32","3.433"
"67","2017","5","Karnataka","Mysore","65.13","0.0","0.0","0.0","0.0","0.0","6.04","3.69","0.0","0.02","0.0","0.02","0.04","0.0","0.0","0.0","4.15","0.0","15.42","0.0"
"68","2017","5","Karnataka","Mandya","33.85","0.0","0.0","0.0","0.0","0.0","7.59","29.81","0.0","0.01","0.01","0.01","0.03","0.13","0.0","0.0","20.94","0.0","9.03","0.049"
"69","2017","5","Karnataka","Hassan","11.18","0.0","0.0","0.01","0.01","0.0","4.74","4.97","0.0","0.01","0.0","0.01","0.02","0.12","0.0","0.0","2.16","0.0","15.79","0.0"
"70","2017","5","Karnataka","Shimoge","64.63","0.0","0.01","0.03","0.04","0.0","13.88","0.11","0.0","0.01","0.09","0.44","0.54","0.12","0.01","0.0","2.16","0.0","6.88","0.05"
"71","2017","5","Karnataka","Chickmagalur","8.24","0.0","0.0","0.0","0.0","0.0","0.02","0.0","0.0","0.0","0.0","0.18","0.18","0.03","0.0","0.0","1.66","0.0","8.39","0.0"
"72","2017","5","Karnataka","Chitradurga","1.58","0.27","0.35","0.52","0.87","0.0","7.63","5.35","0.0","0.07","0.01","0.41","0.48","1.55","0.0","0.0","0.0","4.41","44.06","0.005"
"73","2017","5","Karnataka","Bellary","101.6","0.55","4.09","17.0","21.09","1.13","30.2","1.0","0.0","6.32","1.54","1.53","9.38","8.67","0.0","0.0","7.27","27.36","19.58","0.0"
"74","2017","5","Karnataka","Dharwad","2.67","6.63","0.08","4.7","4.78","0.0","4.07","0.0","0.0","8.81","0.07","1.35","10.23","0.9","0.0","0.0","8.75","4.94","7.51","0.016"
"75","2017","5","Karnataka","Belgaum","2.61","38.79","1.96","6.45","8.41","0.53","94.72","0.0","0.0","26.22","0.12","0.61","26.94","10.36","0.0","0.0","221.09","6.59","29.69","0.06"
"76","2017","5","Karnataka","Bijapur","0.03","33.5","0.0","13.81","13.81","2.65","45.29","0.0","0.0","50.69","29.22","0.06","79.97","30.71","0.0","0.0","49.27","9.97","34.57","0.115"
"77","2017","5","Karnataka","Bidar","0.98","2.2","0.0","2.14","2.14","0.0","0.15","0.0","0.0","5.29","0.0","0.0","5.29","0.06","0.0","0.0","19.18","0.0","3.39","0.006"
"78","2017","5","Karnataka","Raichur","110.93","0.08","0.0","19.75","19.75","4.92","0.77","0.0","0.0","20.68","0.72","0.02","21.42","17.98","0.0","0.0","0.0","24.11","1.68","0.0"
"79","2017","5","Karnataka","Gulbarga","7.83","9.01","0.0","3.82","3.82","0.0","0.86","0.0","0.0","7.9","3.15","0.0","11.05","7.62","0.0","0.0","43.49","24.9","18.09","0.056"
"80","2017","5","Karnataka","Dakshina Kannada","9.82","0.0","0.0","0.0","0.0","0.0","0.0","0.0","0.0","0.0","0.0","0.0","0.0","0.0","0.0","0.0","0.0","0.0","4.21","0.0"
"81","2017","5","Karnataka","Uttara Kannada","5.46","0.0","0.0","0.0","0.0","0.0","1.03","0.0","0.0","0.01","0.0","0.48","0.48","0.0","0.0","0.0","7.06","0.0","3.72","0.0"
"82","2017","5","Karnataka","Kodagu","2.3","0.0","0.0","0.0","0.0","0.0","0.0","0.0","0.0","0.0","0.0","0.01","0.01","0.01","0.0","0.0","0.0","0.0","0.0","0.0"
"121","2017","3","Gujarat","Ahmedabad","151.8","102.7","0.0","0.0","0.0","0.7","1.2","0.0","0.0","9.4","0.0","0.6","10.0","0.1","0.0","0.0","0.1","25.9","7.1","0.0"
"122","2017","3","Gujarat","Amreli","0.0","8.6","0.0","0.1","0.1","1.4","0.0","0.0","0.0","6.9","1.3","0.4","8.6","47.6","1.1","0.0","0.0","148.0","19.0","0.0"
"123","2017","3","Gujarat","Banaskantha","0.0","74.5","0.0","0.0","0.0","145.0","4.3","0.0","0.0","0.3","0.0","3.5","3.8","110.8","0.0","0.0","0.0","18.7","118.1","0.0"
"124","2017","3","Gujarat","Bharuch","6.9","16.3","0.1","0.6","0.6","0.3","0.0","0.0","0.0","0.2","10.0","2.5","12.7","0.1","0.0","0.0","47.6","43.0","25.2","0.0"
"125","2017","3","Gujarat","Vadodara","25.3","20.1","0.0","0.2","0.2","7.6","7.3","0.0","0.0","0.4","41.9","1.1","43.4","0.0","0.0","0.0","15.1","84.1","16.0","0.0"
"126","2017","3","Gujarat","Bhavnagar","0.0","14.5","0.0","0.0","0.0","1.6","0.0","0.0","0.0","3.1","0.0","1.0","4.1","11.9","0.9","0.0","0.8","126.9","44.8","0.0"
"127","2017","3","Gujarat","Valsad","46.0","0.0","0.0","0.2","0.2","0.0","0.0","0.0","0.0","2.0","4.5","5.9","12.3","0.1","0.0","0.0","6.1","0.0","50.3","0.0"
"128","2017","3","Gujarat","Dangs","0.0","2.3","0.0","0.0","0.0","0.0","0.0","0.0","0.0","14.0","0.0","2.9","16.9","1.1","0.0","0.0","0.2","0.0","1.4","0.0"
"129","2017","3","Gujarat","Jamnagar","0.0","7.0","0.0","0.0","0.0","0.5","0.1","0.0","0.0","9.9","0.7","1.1","11.7","39.1","2.3","0.0","0.0","162.4","5.9","0.0"
"130","2017","3","Gujarat","Junagadh","0.0","43.0","0.0","3.0","3.0","2.3","0.0","0.0","0.0","34.9","1.0","7.4","43.4","84.4","5.8","0.0","0.2","51.6","22.6","0.0"
"131","2017","3","Gujarat","Kheda","116.0","80.1","0.0","0.0","0.0","26.8","0.1","0.0","0.0","0.6","0.1","1.3","2.0","0.9","0.1","0.0","0.0","8.5","41.4","0.0"
"132","2017","3","Gujarat","Kutch","0.0","21.3","1.0","0.0","1.0","4.6","0.1","0.0","0.0","0.1","0.0","7.4","7.5","32.3","6.3","0.0","0.0","50.7","22.9","0.0"
"133","2017","3","Gujarat","Mehsana","7.4","73.9","0.0","0.0","0.0","15.2","0.0","0.0","1.1","0.6","0.0","0.3","0.9","11.5","0.2","0.0","0.0","42.5","27.4","0.0"
"134","2017","3","Gujarat","Panchmahal","5.9","12.5","0.0","0.0","0.0","0.7","53.3","0.0","0.0","2.5","0.0","1.0","3.5","0.6","0.1","0.0","0.0","1.1","5.2","0.0"
"135","2017","3","Gujarat","Rajkot","0.0","58.6","0.0","0.0","0.0","0.3","0.3","0.0","0.0","13.9","1.6","0.5","16.0","9.3","1.6","0.0","0.1","240.2","8.1","0.0"
"136","2017","3","Gujarat","Sabarkantha","7.5","89.0","0.0","0.0","0.0","3.2","4.1","0.0","0.0","1.4","0.0","3.6","4.9","26.4","0.1","0.0","0.0","79.8","22.5","0.0"
"137","2017","3","Gujarat","Surat","52.0","7.5","0.6","2.9","3.5","0.1","2.1","0.0","0.0","1.9","5.2","2.8","9.9","0.4","0.3","0.0","103.3","2.4","26.5","0.0"
"138","2017","3","Gujarat","Surendranagar","0.0","37.1","0.0","5.3","5.3","0.3","0.0","0.0","0.0","3.4","0.0","2.0","5.4","9.4","3.6","0.0","0.0","274.4","5.3","0.0"
"139","2017","10","Rajasthan","Ajmer","0.0","39.96","0.0","0.0","0.0","0.0","0.75","0.0","15.5","6.61","0.0","0.46","7.06","0.62","0.0","0.02","0.0","11.97","6.34","8.295"
"140","2017","10","Rajasthan","Alwar","0.24","203.83","0.01","0.0","0.01","3.15","0.32","0.0","7.42","2.62","0.56","0.41","3.59","0.39","0.01","0.0","0.02","46.16","11.9","6.281"
"141","2017","10","Rajasthan","Banswara","0.0","86.32","0.0","0.0","0.0","0.0","13.53","0.0","0.72","7.69","0.0","0.51","8.2","0.0","0.0","0.0","0.01","0.01","0.2","0.888"
"142","2017","10","Rajasthan","Barmer","0.0","13.03","0.11","0.0","0.11","41.36","0.02","0.0","0.02","0.15","0.0","3.5","3.65","4.37","0.07","0.01","0.0","0.0","1.32","3.722"
"143","2017","10","Rajasthan","Bharatpur","0.95","156.37","0.01","0.0","0.01","0.01","0.0","0.0","2.1","0.69","0.0","0.17","0.86","0.0","0.0","0.0","0.01","5.77","5.35","2.141"
"144","2017","10","Rajasthan","Bhilwara","0.54","102.75","0.01","0.0","0.01","0.0","2.79","0.0","21.36","18.4","0.0","6.67","25.07","0.22","0.0","0.03","0.04","38.0","2.18","8.063"
"145","2017","10","Rajasthan","Bikaner","0.0","108.3","0.1","0.0","0.1","2.19","0.0","0.0","4.83","242.55","0.0","28.13","270.68","220.55","0.24","0.0","0.0","2.4","1.79","105.913"
"146","2017","10","Rajasthan","Bundi","47.01","146.75","0.0","0.0","0.0","0.0","0.9","0.0","1.89","48.18","0.0","5.46","53.64","0.09","0.0","0.02","0.77","0.21","2.88","1.296"
"147","2017","10","Rajasthan","Chittorgarh","1.05","153.59","0.0","0.0","0.0","0.0","0.01","0.0","9.68","12.86","0.0","1.01","13.86","0.25","0.02","0.17","1.78","10.86","4.65","6.323"
"148","2017","10","Rajasthan","Churu","0.0","33.48","0.0","0.0","0.0","8.97","0.0","0.0","7.73","57.51","0.0","1.08","58.58","63.45","0.0","0.0","0.0","1.19","0.63","5.105"
"149","2017","10","Rajasthan","Dungarpur","0.0","46.23","0.0","0.0","0.0","0.0","0.19","0.0","0.39","0.97","0.0","0.16","1.14","0.02","0.0","0.0","0.01","0.47","0.14","0.727"
"150","2017","10","Rajasthan","Ganganagar","10.54","262.04","0.02","0.0","0.02","7.81","0.05","0.0","55.9","77.19","0.08","46.34","123.6","5.32","0.76","0.06","2.08","128.31","11.89","290.693"
"151","2017","10","Rajasthan","Jaipur","0.0","140.9","0.01","0.0","0.01","4.3","0.3","0.0","51.74","5.21","0.0","9.53","14.74","24.66","0.03","0.0","0.04","0.19","27.06","15.977"
"152","2017","10","Rajasthan","Jaisalmer","0.0","8.48","0.14","0.0","0.14","8.29","0.0","0.0","0.0","156.23","0.0","28.25","184.49","25.67","2.33","0.0","0.0","0.18","0.39","24.984"
"153","2017","10","Rajasthan","Jalore","0.0","43.9","0.01","0.0","0.01","15.78","0.02","0.0","0.21","3.92","0.0","0.08","4.0","15.97","0.08","0.0","0.0","0.56","3.1","5.504"
"154","2017","10","Rajasthan","Jhalawar","4.42","102.2","0.0","0.0","0.0","0.0","0.0","0.0","0.21","55.36","0.0","8.66","64.02","0.0","0.0","0.92","0.01","0.0","15.93","1.343"
"155","2017","10","Rajasthan","Jhunjhunu","0.0","85.96","0.0","0.0","0.0","2.71","0.0","0.0","8.87","57.93","0.0","0.69","58.62","4.26","0.0","0.0","0.0","8.69","4.45","6.981"
"156","2017","10","Rajasthan","Jodhpur","0.0","65.51","0.11","0.0","0.11","49.99","0.0","0.0","0.31","14.43","0.0","39.13","53.56","129.42","1.94","0.01","0.0","46.71","25.6","34.813"
"157","2017","10","Rajasthan","Kota","21.83","120.47","0.0","0.0","0.0","0.0","0.0","0.0","0.41","50.61","0.0","0.09","50.7","0.01","0.0","0.19","0.01","0.0","1.84","0.515"
"158","2017","10","Rajasthan","Nagaur","0.0","53.47","0.23","0.0","0.23","11.84","0.02","0.0","7.7","12.12","0.0","3.85","15.97","16.6","0.04","0.8","0.0","53.73","10.89","2.899"
"159","2017","10","Rajasthan","Pali","0.0","78.57","0.0","0.0","0.0","0.0","0.18","0.0","4.8","28.31","0.0","0.02","28.33","0.0","0.0","0.01","0.0","14.38","1.66","4.516"
"160","2017","10","Rajasthan","Swami Madhopur","1.39","64.26","0.0","0.0","0.0","0.0","0.0","0.0","0.45","34.35","0.02","0.22","34.58","0.28","0.0","0.01","0.01","0.0","1.13","0.597"
"161","2017","10","Rajasthan","Sikar","0.0","86.09","0.0","0.0","0.0","16.73","0.0","0.0","25.7","35.29","0.0","2.97","38.25","22.54","0.01","0.0","0.02","0.02","15.88","14.985"
"162","2017","10","Rajasthan","Sirohi","0.0","22.23","0.01","0.0","0.01","6.69","0.02","0.0","0.6","0.86","0.0","0.06","0.92","14.05","0.0","0.0","0.0","2.82","2.57","5.152"
"163","2017","10","Rajasthan","Tonk","0.0","45.78","0.0","0.0","0.0","0.0","0.07","0.0","4.04","69.89","0.0","1.98","71.87","0.03","0.0","0.0","0.02","0.96","3.09","2.781"
"164","2017","10","Rajasthan","Udaipur","0.0","80.64","0.0","0.0","0.0","0.0","0.03","0.0","9.09","2.08","0.0","0.85","2.92","0.02","0.0","0.01","0.23","0.99","0.9","2.19"
"165","2017","9","Punjab","Gurdaspur","165.49","178.94","0.0","0.0","0.0","0.0","0.29","0.0","0.13","0.01","0.0","0.3","0.31","0.0","0.08","0.0","20.51","0.0","2.41","20.153"
"166","2017","9","Punjab","Amritsar","179.51","189.03","0.0","0.0","0.0","0.0","1.87","0.0","0.01","0.01","0.35","1.94","2.29","0.0","0.67","0.0","6.29","0.0","3.42","30.023"
"167","2017","9","Punjab","Kapurthala","118.42","108.27","0.0","0.0","0.0","0.0","1.43","0.0","0.0","0.0","0.01","0.38","0.39","0.0","0.0","0.0","4.09","0.0","18.37","13.36"
"168","2017","9","Punjab","Jalandhar","170.72","169.66","0.0","0.0","0.0","0.0","5.98","0.0","0.0","0.0","0.33","0.03","0.36","0.0","0.03","0.02","10.95","0.03","20.81","27.883"
"169","2017","9","Punjab","Hoshiarpur","74.7","137.3","0.0","0.0","0.0","0.0","46.88","0.0","0.0","0.01","0.02","0.12","0.15","0.6","0.03","0.0","22.38","0.0","5.23","25.812"
"170","2017","9","Punjab","Roopnagar","39.84","65.88","0.0","0.0","0.0","0.22","2.83","0.0","0.14","0.01","0.02","0.12","0.15","0.01","0.05","0.0","3.71","0.0","0.72","7.624"
"171","2017","9","Punjab","Ludhiana","257.47","251.41","0.0","0.0","0.0","0.0","1.36","0.0","1.39","0.02","0.68","0.47","1.17","0.0","0.0","0.0","3.03","0.08","13.98","19.699"
"172","2017","9","Punjab","Ferozpur","185.19","187.31","0.0","0.0","0.0","0.04","0.04","0.0","0.01","0.0","0.08","0.51","0.58","0.0","0.37","0.0","0.18","0.04","12.05","28.023"
"173","2017","9","Punjab","Faridkot","114.69","116.12","0.0","0.0","0.0","0.0","0.02","0.0","0.1","0.03","0.05","0.04","0.12","0.0","0.0","0.0","0.06","1.92","2.56","6.054"
"174","2017","9","Punjab","Bhatinda","159.92","254.37","0.0","0.0","0.0","0.19","0.31","0.0","0.84","0.14","0.06","0.33","0.53","0.04","0.0","0.0","0.06","98.87","8.56","26.482"
"175","2017","9","Punjab","Sangrur","284.13","288.28","0.0","0.0","0.0","0.25","0.31","0.0","1.53","0.09","0.22","0.73","1.04","0.0","0.0","0.0","3.81","5.67","4.78","35.136"
"176","2017","9","Punjab","Patiala","232.99","232.22","0.0","0.0","0.0","0.0","1.0","0.0","0.47","0.03","0.02","0.31","0.35","0.0","0.0","0.0","2.3","0.54","11.11","25.793"
"177","2017","4","Haryana","Hissar","70.0","224.0","-1.0","-1.0","0.0","22.0","-1.0","-1.0","3.0","6.0","-1.0","2.0","8.0","-1.0","-1.0","-1.0","2.0","131.0","-1.0","0.0"
"178","2017","4","Haryana","Sirsa","95.0","295.0","-1.0","-1.0","0.0","3.0","-1.0","-1.0","3.0","4.0","-1.0","0.0","4.0","-1.0","-1.0","-1.0","-1.0","199.0","-1.0","0.0"
"179","2017","4","Haryana","Bhiwani","22.0","117.0","-1.0","-1.0","-1.0","11.0","-1.0","-1.0","3.0","2.0","-1.0","0.0","2.0","-1.0","-1.0","-1.0","3.0","86.0","-1.0","0.0"
"180","2017","4","Haryana","Gurgaon","5.0","43.0","-1.0","-1.0","-1.0","32.0","0.0","-1.0","1.0","-1.0","-1.0","1.0","1.0","-1.0","-1.0","-1.0","-1.0","2.0","-1.0","0.0"
"181","2017","4","Haryana","Jind","136.0","216.0","-1.0","-1.0","-1.0","11.0","0.0","-1.0","-1.0","-1.0","-1.0","0.0","-1.0","-1.0","-1.0","-1.0","5.0","63.0","-1.0","0.0"
"182","2017","4","Haryana","Mahendragarh","0.0","49.0","-1.0","-1.0","-1.0","7.0","0.0","-1.0","1.0","2.0","-1.0","1.0","3.0","-1.0","-1.0","-1.0","0.0","26.0","-1.0","0.0"
"183","2017","4","Haryana","Ambala","85.0","87.0","-1.0","-1.0","0.0","0.0","0.0","-1.0","-1.0","0.0","-1.0","0.0","0.0","-1.0","-1.0","-1.0","12.0","0.0","-1.0","0.0"
"184","2017","4","Haryana","Karnal","174.0","176.0","-1.0","-1.0","0.0","1.0","-1.0","-1.0","-1.0","-1.0","-1.0","0.0","-1.0","-1.0","-1.0","-1.0","13.0","-1.0","-1.0","0.0"
"185","2017","4","Haryana","Kurukshetra","121.0","113.0","-1.0","-1.0","0.0","-1.0","-1.0","-1.0","-1.0","-1.0","-1.0","1.0","1.0","-1.0","-1.0","-1.0","12.0","0.0","-1.0","0.0"
"186","2017","4","Haryana","Rohtak","49.0","104.0","-1.0","-1.0","14.0","5.0","1.0","-1.0","1.0","-1.0","-1.0","1.0","1.0","-1.0","-1.0","-1.0","11.0","14.0","-1.0","0.0"
"187","2017","4","Haryana","Sonepat","108.0","144.0","-1.0","-1.0","4.0","6.0","-1.0","-1.0","0.0","-1.0","-1.0","0.0","-1.0","-1.0","-1.0","-1.0","9.0","4.0","-1.0","0.0"
"188","2017","4","Haryana","Faridabad","12.0","30.0","-1.0","-1.0","1.0","2.0","0.0","-1.0","-1.0","0.0","-1.0","0.0","-1.0","-1.0","-1.0","-1.0","1.0","-1.0","-1.0","0.0"
"237","2017","16","Uttarakhand","Nainital","10.51","16.91","0.0","0.0","0.0","0.0","0.02","0.03","0.1","0.34","0.0","0.3","0.64","0.0","0.0","0.0","3.11","0.0","4.07","1.25"
"238","2017","16","Uttarakhand","Almorah","4.76","4.88","0.0","0.0","0.0","0.0","0.0","0.01","0.06","0.0","0.0","0.04","0.04","0.0","0.0","0.0","0.0","0.0","0.16","0.0"
"239","2017","16","Uttarakhand","Pithorgarh","2.67","2.03","0.0","0.0","0.0","0.0","0.01","0.0","0.04","0.0","0.0","0.02","0.02","0.0","0.0","0.0","0.0","0.0","0.04","0.0"
"240","2017","16","Uttarakhand","Chamoli","1.23","1.11","0.0","0.0","0.0","0.0","0.0","0.0","0.0","0.0","0.0","0.0","0.0","0.0","0.0","0.0","0.0","0.0","0.0","0.0"
"241","2017","16","Uttarakhand","Uttar Kashi","4.89","3.39","0.0","0.0","0.0","0.0","0.0","0.0","0.03","0.0","0.0","0.3","0.31","0.0","0.0","0.0","0.0","0.0","0.23","0.0"
"242","2017","16","Uttarakhand","Tehri Garhwal","6.71","5.69","0.0","0.0","0.0","0.0","0.0","0.02","0.13","0.0","0.0","0.02","0.02","0.0","0.0","0.0","0.0","0.0","0.31","0.001"
"243","2017","16","Uttarakhand","Garhwal","4.19","4.0","0.0","0.0","0.0","0.0","0.05","0.0","0.02","0.03","0.0","0.26","0.29","0.0","0.01","0.0","0.0","0.0","0.24","0.126"
"244","2017","16","Uttarakhand","Dehradun","8.9","11.52","0.0","0.0","0.0","0.0","0.02","0.0","0.01","0.0","0.0","0.13","0.13","0.0","0.0","0.0","3.86","0.0","2.46","0.861"
"502","2017","6","Madhya Pradesh","Bhopal","0.0","130.06","0.0","0.0","0.0","0.0","0.0","0.0","0.02","6.02","0.0","0.43","6.45","0.0","0.0","0.0","0.03","0.0","1.09","0.179"
"503","2017","1","Andhra Pradesh","Vizianagaram","123.57","0.0","0.0","0.0","0.0","0.0","19.61","0.7","0.0","0.02","0.0","0.0","0.02","1.07","3.83","0.0","17.63","0.29","17.03","0.043"
"504","2017","1","Andhra Pradesh","Prakasam","47.2","0.0","0.05","0.1","0.16","2.32","17.18","0.53","0.0","2.15","0.0","0.16","2.32","4.26","0.0","0.0","0.31","16.33","21.71","2.388"
"518","2017","3","Gujarat","Gandhinagar","10.0","29.8","0.0","0.1","0.1","6.8","0.0","0.0","0.0","0.8","0.0","0.1","0.9","3.7","0.0","0.0","0.0","23.7","28.8","0.0"
"519","2017","10","Rajasthan","Dholpur","0.0","61.17","0.0","0.0","0.0","0.0","0.0","0.0","0.52","0.36","0.0","0.11","0.47","0.0","0.0","0.0","0.01","0.08","9.35","1.272"
"520","2017","20","Telangana","Rangareddy","25.36","0.04","0.0","0.4","0.4","0.0","2.05","0.0","0.0","0.004","0.0","0.01","0.014","1.335","0.0","0.0","0.001","0.0","25.206","2.86"
"523","2017","4","Haryana","Yamunanagar","75.0","89.0","-1.0","-1.0","0.0","-1.0","1.0","-1.0","0.0","-1.0","-1.0","0.0","-1.0","-1.0","-1.0","-1.0","26.0","0.0","-1.0","0.0"
"524","2017","4","Haryana","Kaithal","166.0","174.0","-1.0","-1.0","0.0","2.0","-1.0","-1.0","-1.0","-1.0","-1.0","0.0","-1.0","-1.0","-1.0","-1.0","5.0","7.0","-1.0","0.0"
"525","2017","4","Haryana","Panipat","77.0","84.0","-1.0","-1.0","-1.0","-1.0","-1.0","-1.0","-1.0","-1.0","-1.0","0.0","-1.0","-1.0","-1.0","-1.0","8.0","-1.0","-1.0","0.0"
"526","2017","4","Haryana","Rewari","2.0","46.0","-1.0","-1.0","1.0","62.0","0.0","-1.0","1.0","-1.0","-1.0","1.0","1.0","-1.0","-1.0","-1.0","-1.0","8.0","-1.0","0.0"
"527","2017","16","Uttarakhand","Haridwar","13.36","43.72","0.0","0.0","0.0","0.0","0.09","0.0","0.01","0.0","0.0","0.19","0.19","0.02","0.0","0.0","69.12","0.0","8.31","15.74"
"536","2017","10","Rajasthan","Baran","17.15","115.75","0.0","0.0","0.0","0.0","0.0","0.0","0.12","71.02","0.0","0.04","71.06","0.03","0.0","0.41","0.0","0.0","1.51","0.312"
"537","2017","10","Rajasthan","Dausa","0.0","90.55","0.0","0.0","0.0","0.0","0.01","0.0","5.51","4.53","0.0","0.02","4.54","0.41","0.0","0.0","0.0","0.01","1.56","1.617"
"538","2017","10","Rajasthan","Rajsamand","0.0","34.32","0.0","0.0","0.0","0.0","0.15","0.0","7.52","0.49","0.0","0.02","0.51","0.09","0.0","0.0","0.31","4.04","1.15","4.519"
"539","2017","10","Rajasthan","Hanumangarh","31.65","244.52","0.25","0.0","0.25","8.53","0.02","0.0","15.46","79.09","0.05","10.65","89.79","21.52","0.62","0.0","0.04","187.33","3.32","116.381"
"545","2017","9","Punjab","Mansa","107.19","172.01","0.0","0.0","0.0","0.42","0.04","0.0","0.44","0.05","0.04","0.12","0.21","0.01","0.02","0.0","0.03","60.1","2.27","17.458"
"546","2017","9","Punjab","Fatehgarh Sahib","86.33","84.52","0.0","0.0","0.0","0.02","0.38","0.0","0.3","0.01","0.01","0.05","0.07","0.0","0.0","0.0","3.03","0.0","4.81","6.257"
"549","2017","5","Karnataka","Bangalore(Rural)","0.67","0.0","0.0","0.0","0.0","0.0","1.23","0.69","0.0","0.01","0.09","0.1","0.2","0.02","0.0","0.0","0.05","0.0","8.79","0.808"
"550","2017","5","Karnataka","Bangalore(Urban)","0.27","0.0","0.0","0.0","0.0","0.0","0.28","0.33","0.0","0.0","0.09","0.11","0.19","0.01","0.0","0.0","0.0","0.0","5.99","0.423"
"601","2017","17","Assam","Cachar","3.09","0.0","0.0","0.0","0.0","0.0","0.0","0.0","0.0","0.0","0.0","0.0","0.0","0.0","0.0","0.0","0.0","0.0","0.0","0.0"
"602","2017","17","Assam","Darrang","17.68","0.0","0.0","0.0","0.0","0.0","1.89","0.0","0.0","0.0","0.0","0.0","0.0","0.0","0.0","0.0","0.0","0.0","0.0","0.0"
"603","2017","17","Assam","Dibrugarh","2.19","0.0","0.0","0.0","0.0","0.0","0.0","0.0","0.0","0.0","0.0","0.01","0.01","0.0","0.0","0.0","0.0","0.0","0.02","0.0"
"604","2017","17","Assam","Goalpara","22.75","0.22","0.0","0.0","0.0","0.0","0.0","0.0","0.0","0.0","0.0","0.0","0.0","0.0","0.0","0.0","0.0","0.0","0.22","0.0"
"605","2017","17","Assam","Kamrup","11.18","0.26","0.0","0.12","0.12","0.0","0.0","0.0","0.0","0.01","0.01","0.54","0.55","0.0","0.0","0.0","0.05","0.0","1.24","0.0"
"606","2017","17","Assam","Karbi Anglong","18.81","0.07","0.0","0.0","0.0","0.0","0.0","0.0","0.0","0.0","0.0","0.0","0.0","0.0","0.0","0.0","0.19","0.0","10.18","0.0"
"607","2017","17","Assam","Lakhimpur","9.86","0.0","0.0","0.0","0.0","0.0","0.02","0.0","0.0","0.0","0.0","0.0","0.0","0.0","0.0","0.0","0.05","0.0","0.52","0.0"
"608","2017","17","Assam","North Cachar Hil","1.03","0.0","0.0","0.0","0.0","0.0","0.0","0.0","0.0","0.0","0.0","0.0","0.0","0.0","0.0","0.0","0.0","0.0","0.0","0.0"
"609","2017","17","Assam","Nagaon","57.79","1.27","0.0","0.0","0.0","0.0","0.09","0.0","0.0","0.06","0.08","3.2","3.34","0.01","0.06","0.26","0.04","0.0","1.39","0.0"
"610","2017","17","Assam","Sibsagar","30.76","0.0","0.0","0.0","0.0","0.0","0.0","0.0","0.0","0.0","0.0","0.0","0.0","0.0","0.0","0.0","0.0","0.0","0.0","0.0"
"615","2017","17","Assam","Barpeta","56.13","0.0","0.0","0.0","0.0","0.0","0.17","0.0","0.0","0.0","0.06","1.39","1.45","0.0","0.18","0.02","0.0","0.0","4.61","0.0"
"616","2017","17","Assam","Dhubri","12.96","0.37","0.0","0.0","0.0","0.0","0.42","0.0","0.0","0.0","0.0","0.0","0.0","0.0","0.0","0.0","0.0","0.0","0.36","0.0"
"617","2017","17","Assam","Golaghat","0.07","0.0","0.0","0.0","0.0","0.0","0.0","0.0","0.0","0.0","0.0","0.0","0.0","0.0","0.0","0.0","0.0","0.0","0.0","0.0"
"618","2017","17","Assam","Jorhat","0.62","0.0","0.0","0.0","0.0","0.0","0.0","0.0","0.0","0.0","0.0","0.07","0.07","0.0","0.0","0.0","0.02","0.0","0.07","0.0"
"619","2017","17","Assam","Karimganj","2.76","0.0","0.0","0.0","0.0","0.0","0.0","0.0","0.0","0.0","0.0","0.0","0.0","0.0","0.0","0.0","0.0","0.0","0.02","0.0"
"620","2017","17","Assam","Kokrajhar","18.53","0.27","0.0","0.0","0.0","0.0","0.05","0.0","0.0","0.03","0.0","0.0","0.03","0.0","0.0","0.0","0.04","0.0","0.45","0.0"
"621","2017","17","Assam","Nalbari","47.18","0.0","0.0","0.0","0.0","0.0","0.0","0.0","0.0","0.0","0.0","0.0","0.0","0.0","0.0","0.0","0.0","0.0","0.0","0.0"
"622","2017","17","Assam","Sonitpur","5.76","0.0","0.0","0.0","0.0","0.0","0.0","0.0","0.0","0.0","0.0","0.0","0.0","0.0","0.0","0.0","0.0","0.0","7.85","0.0"
"651","2017","19","Kerala","Alappuzha","32.12","-1.0","-1.0","-1.0","-1.0","-1.0","-1.0","-1.0","-1.0","-1.0","-1.0","-1.0","-1.0","-1.0","-1.0","-1.0","0.04","-1.0","-1.0","0.0"
"652","2017","19","Kerala","Kannur","1.96","-1.0","-1.0","-1.0","-1.0","-1.0","-1.0","-1.0","-1.0","-1.0","-1.0","-1.0","-1.0","-1.0","-1.0","-1.0","0.004","-1.0","-1.0","0.0"
"653","2017","19","Kerala","Eranakulam","3.88","-1.0","-1.0","-1.0","-1.0","-1.0","-1.0","-1.0","-1.0","-1.0","-1.0","-1.0","-1.0","-1.0","-1.0","-1.0","0.0","-1.0","-1.0","0.0"
"654","2017","19","Kerala","Idukki","0.7","-1.0","-1.0","-1.0","-1.0","-1.0","-1.0","-1.0","-1.0","-1.0","-1.0","-1.0","-1.0","-1.0","-1.0","-1.0","0.829","-1.0","-1.0","0.0"
"655","2017","19","Kerala","Kottayam","17.22","-1.0","-1.0","-1.0","-1.0","-1.0","-1.0","-1.0","-1.0","-1.0","-1.0","-1.0","-1.0","-1.0","-1.0","-1.0","0.008","-1.0","-1.0","0.0"
"656","2017","19","Kerala","Kozhikode","0.56","-1.0","-1.0","-1.0","-1.0","-1.0","-1.0","-1.0","-1.0","-1.0","-1.0","-1.0","-1.0","-1.0","-1.0","-1.0","0.001","-1.0","-1.0","0.0"
"657","2017","19","Kerala","Malappuram","6.41","-1.0","-1.0","-1.0","-1.0","-1.0","-1.0","-1.0","-1.0","-1.0","-1.0","-1.0","-1.0","-1.0","-1.0","-1.0","0.0","-1.0","-1.0","0.0"
"658","2017","19","Kerala","Palakkad","34.64","-1.0","-1.0","-1.0","-1.0","-1.0","-1.0","-1.0","-1.0","-1.0","-1.0","-1.0","-1.0","-1.0","-1.0","-1.0","0.171","-1.0","-1.0","0.0"
"659","2017","19","Kerala","Kollam","0.86","-1.0","-1.0","-1.0","-1.0","-1.0","-1.0","-1.0","-1.0","-1.0","-1.0","-1.0","-1.0","-1.0","-1.0","-1.0","0.0","-1.0","-1.0","0.0"
"660","2017","19","Kerala","Thrissur","19.71","-1.0","-1.0","-1.0","-1.0","-1.0","-1.0","-1.0","-1.0","-1.0","-1.0","-1.0","-1.0","-1.0","-1.0","-1.0","0.0","-1.0","-1.0","0.0"
"661","2017","19","Kerala","Thiruvananthapuram","1.39","-1.0","-1.0","-1.0","-1.0","-1.0","-1.0","-1.0","-1.0","-1.0","-1.0","-1.0","-1.0","-1.0","-1.0","-1.0","0.0","-1.0","-1.0","0.0"
"662","2017","19","Kerala","Kasaragod","1.18","-1.0","-1.0","-1.0","-1.0","-1.0","-1.0","-1.0","-1.0","-1.0","-1.0","-1.0","-1.0","-1.0","-1.0","-1.0","0.0","-1.0","-1.0","0.0"
"663","2017","19","Kerala","Pathanamthitta","2.64","-1.0","-1.0","-1.0","-1.0","-1.0","-1.0","-1.0","-1.0","-1.0","-1.0","-1.0","-1.0","-1.0","-1.0","-1.0","0.01","-1.0","-1.0","0.0"
"664","2017","19","Kerala","Wayanad","7.82","-1.0","-1.0","-1.0","-1.0","-1.0","-1.0","-1.0","-1.0","-1.0","-1.0","-1.0","-1.0","-1.0","-1.0","-1.0","0.0","-1.0","-1.0","0.0"
"701","2017","8","Orissa","Balasore","131.7","0.08","-1.0","-1.0","-1.0","-1.0","0.16","-1.0","-1.0","-1.0","-1.0","11.67","11.67","9.76","0.7","-1.0","0.18","-1.0","-1.0","0.0"
"702","2017","8","Orissa","Bolangir","53.39","0.1","-1.0","-1.0","-1.0","-1.0","0.45","-1.0","-1.0","-1.0","-1.0","10.88","10.88","2.62","0.04","-1.0","1.35","-1.0","-1.0","0.0"
"703","2017","8","Orissa","Cuttack","78.98","0.12","-1.0","-1.0","-1.0","-1.0","0.56","-1.0","-1.0","-1.0","-1.0","7.45","7.45","6.58","0.3","-1.0","3.27","-1.0","-1.0","0.0"
"704","2017","8","Orissa","Dhenkanal","44.59","-1.0","-1.0","-1.0","-1.0","-1.0","1.76","-1.0","-1.0","-1.0","-1.0","8.89","8.89","9.64","0.14","-1.0","1.35","-1.0","-1.0","0.0"
"705","2017","8","Orissa","Ganjam","183.1","0.09","-1.0","-1.0","-1.0","-1.0","12.38","10.22","-1.0","-1.0","-1.0","14.94","14.94","10.76","1.06","-1.0","2.1","-1.0","-1.0","0.0"
"706","2017","8","Orissa","Kalahandi","178.77","0.01","-1.0","-1.0","-1.0","-1.0","0.6","-1.0","-1.0","-1.0","-1.0","16.55","16.55","7.48","-1.0","-1.0","1.27","-1.0","-1.0","0.0"
"707","2017","8","Orissa","Keonjhar","79.91","0.31","-1.0","-1.0","-1.0","-1.0","0.91","-1.0","-1.0","-1.0","-1.0","7.79","7.79","6.65","0.56","-1.0","0.18","-1.0","-1.0","0.0"
"708","2017","8","Orissa","Koraput","81.92","0.11","-1.0","-1.0","-1.0","-1.0","6.08","1.48","-1.0","-1.0","-1.0","6.5","6.5","1.07","-1.0","-1.0","6.25","-1.0","-1.0","0.0"
"709","2017","8","Orissa","Mayurbhanja","118.39","0.16","-1.0","-1.0","-1.0","-1.0","0.69","-1.0","-1.0","-1.0","-1.0","16.44","16.44","4.87","0.6","-1.0","-1.0","-1.0","-1.0","0.0"
"710","2017","8","Orissa","Phulbani(Kandhamal)","17.0","0.01","-1.0","-1.0","-1.0","-1.0","0.22","-1.0","-1.0","-1.0","-1.0","0.94","0.94","3.36","0.01","-1.0","-1.0","-1.0","-1.0","0.0"
"711","2017","8","Orissa","Puri","89.74","0.05","-1.0","-1.0","-1.0","-1.0","0.07","0.04","-1.0","-1.0","-1.0","29.4","29.4","11.35","0.5","-1.0","0.35","-1.0","-1.0","0.0"
"712","2017","8","Orissa","Sambalpur","72.02","0.09","-1.0","-1.0","-1.0","-1.0","0.3","-1.0","-1.0","-1.0","-1.0","6.13","6.13","1.26","2.0","-1.0","0.05","-1.0","-1.0","0.0"
"713","2017","8","Orissa","Sundargarh","68.79","0.4","-1.0","-1.0","-1.0","-1.0","1.96","0.42","-1.0","-1.0","-1.0","12.09","12.09","1.17","0.54","-1.0","0.18","-1.0","-1.0","0.0"
"714","2017","8","Orissa","Bhadrak","89.7","0.12","-1.0","-1.0","-1.0","-1.0","0.16","-1.0","-1.0","-1.0","-1.0","7.4","7.4","1.15","0.39","-1.0","0.35","-1.0","-1.0","0.0"
"716","2017","8","Orissa","Jagatsinghapur","69.48","0.09","-1.0","-1.0","-1.0","-1.0","0.14","-1.0","-1.0","-1.0","-1.0","15.83","15.83","7.65","0.01","-1.0","1.25","-1.0","-1.0","0.0"
"717","2017","8","Orissa","Jajapur","46.29","0.11","-1.0","-1.0","-1.0","-1.0","0.7","0.01","-1.0","-1.0","-1.0","12.67","12.67","23.96","-1.0","-1.0","1.09","-1.0","-1.0","0.0"
"718","2017","8","Orissa","Kendrapara","70.22","0.12","-1.0","-1.0","-1.0","-1.0","0.07","-1.0","-1.0","-1.0","-1.0","17.1","17.1","0.95","0.16","-1.0","0.45","-1.0","-1.0","0.0"
"719","2017","8","Orissa","Angul","42.47","0.05","-1.0","-1.0","-1.0","-1.0","2.44","-1.0","-1.0","-1.0","-1.0","12.87","12.87","5.34","4.44","-1.0","0.07","-1.0","-1.0","0.0"
"720","2017","8","Orissa","Gajapati","26.05","-1.0","-1.0","-1.0","-1.0","-1.0","0.79","1.04","-1.0","-1.0","-1.0","1.61","1.61","2.48","0.15","-1.0","-1.0","-1.0","-1.0","0.0"
"721","2017","8","Orissa","Nuapada","39.22","0.05","-1.0","-1.0","-1.0","-1.0","3.15","-1.0","-1.0","-1.0","-1.0","2.5","2.5","5.35","-1.0","-1.0","0.05","-1.0","-1.0","0.0"
"722","2017","8","Orissa","Malkangiri","46.78","-1.0","-1.0","-1.0","-1.0","-1.0","5.95","0.1","-1.0","-1.0","-1.0","8.32","8.32","2.66","9.81","-1.0","0.03","-1.0","-1.0","0.0"
"723","2017","8","Orissa","Nawarangpur","27.13","0.12","-1.0","-1.0","-1.0","-1.0","15.98","0.01","-1.0","-1.0","-1.0","4.78","4.78","5.12","-1.0","-1.0","3.82","-1.0","-1.0","0.0"
"724","2017","8","Orissa","Rayagada","31.98","0.11","-1.0","-1.0","-1.0","-1.0","3.02","0.42","-1.0","-1.0","-1.0","5.72","5.72","1.38","0.94","-1.0","0.39","0.0","-1.0","0.0"
"725","2017","8","Orissa","Khurda","44.27","-1.0","-1.0","-1.0","-1.0","-1.0","0.17","-1.0","-1.0","-1.0","-1.0","7.58","7.58","1.15","0.11","-1.0","0.35","-1.0","-1.0","0.0"
"726","2017","8","Orissa","Nayagarh","44.44","0.1","-1.0","-1.0","-1.0","-1.0","3.75","-1.0","-1.0","-1.0","-1.0","8.15","8.15","0.52","0.82","-1.0","1.39","-1.0","-1.0","0.0"
"728","2017","8","Orissa","Boudh","51.0","0.08","-1.0","-1.0","-1.0","-1.0","0.64","-1.0","-1.0","-1.0","-1.0","6.75","6.75","0.52","-1.0","-1.0","0.05","-1.0","-1.0","0.0"
"729","2017","8","Orissa","Bargarh","181.82","0.12","-1.0","-1.0","-1.0","-1.0","0.62","-1.0","-1.0","-1.0","-1.0","19.97","19.97","5.12","0.33","-1.0","0.48","-1.0","-1.0","0.0"
"730","2017","8","Orissa","Deogarh","19.23","0.12","-1.0","-1.0","-1.0","-1.0","0.31","-1.0","-1.0","-1.0","-1.0","7.45","7.45","0.59","2.15","-1.0","0.18","-1.0","-1.0","0.0"
"731","2017","8","Orissa","Jharsuguda","10.51","0.08","-1.0","-1.0","-1.0","-1.0","0.31","-1.0","-1.0","-1.0","-1.0","1.76","1.76","0.35","-1.0","-1.0","0.35","-1.0","-1.0","0.0"
"732","2017","8","Orissa","Sonepur","92.77","0.1","-1.0","-1.0","-1.0","-1.0","0.5","-1.0","-1.0","-1.0","-1.0","15.96","15.96","4.54","0.99","-1.0","0.17","-1.0","-1.0","0.0"
"902","2017","2","Bihar","Muzaffarpur","41.88","78.16","0.0","0.0","0.0","0.0","25.32","0.0","0.16","0.12","0.01","-1.0","-1.0","0.0","0.01","0.01","0.0","0.0","8.51","0.0"
"903","2017","2","Bihar","Darbhanga","48.5","57.92","0.0","0.0","0.0","0.0","8.29","0.59","0.0","0.0","0.0","0.13","0.13","0.0","0.0","0.0","1.83","0.0","8.72","0.0"
"904","2017","2","Bihar","Saharsa","24.64","48.4","0.0","0.0","0.0","0.0","25.18","0.0","0.04","0.0","0.0","2.83","2.83","0.0","0.0","0.01","0.13","0.0","2.55","0.0"
"905","2017","2","Bihar","Purnea","94.14","19.78","0.0","0.0","0.0","0.0","28.25","0.0","0.0","0.0","0.0","0.14","0.14","0.0","0.03","0.22","0.04","0.0","11.97","0.0"
"906","2017","2","Bihar","Saran","13.64","76.9","0.0","0.0","0.0","0.0","10.82","0.0","0.02","0.0","0.0","0.7","0.7","0.0","0.0","0.0","0.0","0.0","11.5","0.0"
"907","2017","2","Bihar","Patna","69.69","67.53","0.0","0.0","0.0","0.0","2.31","0.0","0.04","0.17","0.12","0.94","1.23","0.0","0.0","0.04","0.03","0.0","14.49","0.075"
"908","2017","2","Bihar","Mungair","25.31","10.8","0.0","0.0","0.0","0.0","1.24","0.0","0.0","0.03","0.0","0.11","0.13","0.0","0.0","0.0","0.08","0.0","1.11","0.0"
"909","2017","2","Bihar","Bhagalpur","19.95","41.08","0.0","0.0","0.0","0.0","26.91","0.0","0.01","0.0","0.0","2.7","2.7","0.0","0.0","0.0","0.02","0.0","7.46","0.0"
"912","2017","2","Bihar","Gaya","98.95","71.92","0.0","0.0","0.0","0.0","0.87","0.0","0.0","0.29","0.0","2.5","2.79","0.0","0.0","0.04","0.04","0.0","13.0","0.0"
"918","2017","2","Bihar","Nalanda","119.79","80.5","0.0","0.0","0.0","0.0","6.34","0.0","0.03","0.81","0.0","2.25","3.06","0.0","0.0","0.01","0.09","0.0","11.4","0.781"
"919","2017","2","Bihar","Nawada","75.44","42.85","0.0","0.0","0.0","0.0","0.52","0.01","0.0","0.0","0.13","1.72","1.85","0.0","0.04","0.0","0.04","0.0","4.06","0.008"
"920","2017","2","Bihar","Aurangabad","177.89","67.22","0.0","0.0","0.0","0.0","0.07","0.0","0.06","0.77","0.0","0.04","0.81","0.0","0.0","0.0","0.05","0.0","2.2","0.0"
"921","2017","2","Bihar","Bhojpur","97.05","71.13","0.0","0.0","0.0","0.01","0.43","0.0","1.88","0.99","0.0","0.08","1.08","0.0","0.0","0.0","0.04","0.0","8.67","0.022"
"922","2017","2","Bihar","Rohtas","190.72","140.69","0.0","0.0","0.0","0.0","0.0","0.0","0.37","0.06","0.0","0.41","0.47","0.0","0.0","0.03","0.0","0.0","3.46","0.0"
"923","2017","2","Bihar","Siwan","1.65","89.86","0.0","0.0","0.0","0.0","8.99","0.0","0.09","0.19","0.0","0.37","0.56","0.0","0.0","0.01","0.31","0.0","9.31","0.0"
"924","2017","2","Bihar","Gopalganj","35.58","74.2","0.0","0.0","0.0","0.0","10.14","0.0","0.0","0.0","0.0","0.35","0.35","0.0","0.0","0.0","19.32","0.0","4.63","0.0"
"925","2017","2","Bihar","Champaran(East)","67.64","107.88","0.0","0.0","0.0","0.0","10.54","0.0","0.0","0.0","0.0","0.12","0.12","0.0","0.0","0.0","18.67","0.0","14.63","0.0"
"926","2017","2","Bihar","Champaran(West","83.52","69.9","0.0","0.0","0.0","0.0","3.43","0.0","0.0","0.0","0.0","0.28","0.28","0.0","0.0","0.0","144.03","0.0","11.09","0.0"
"927","2017","2","Bihar","Vaishali","19.41","40.08","0.0","0.0","0.0","0.0","24.0","0.0","0.01","0.0","0.34","0.45","0.79","0.0","0.0","0.03","0.07","0.0","26.51","0.216"
"928","2017","2","Bihar","Sitamarhi","70.49","87.79","0.0","0.0","0.0","0.0","5.23","0.05","0.01","0.0","0.0","1.48","1.48","0.0","0.0","0.09","20.7","0.0","9.93","0.0"
"929","2017","2","Bihar","Madhubani","50.77","79.16","0.0","0.0","0.0","0.0","0.13","0.01","0.06","0.0","0.0","0.02","0.02","0.0","0.06","0.01","0.0","0.0","11.38","0.0"
"930","2017","2","Bihar","Samastipur","64.07","55.63","0.0","0.0","0.0","0.0","56.2","0.0","0.0","0.02","0.05","2.42","2.49","0.0","0.0","0.0","1.02","0.0","34.94","1.588"
"931","2017","2","Bihar","Begusarai","14.14","57.33","0.05","0.0","0.05","0.0","24.06","0.0","0.0","0.0","0.0","2.12","2.12","0.0","0.0","0.0","0.09","0.0","10.95","0.0"
"932","2017","2","Bihar","Katihar","40.69","27.26","0.0","0.0","0.0","0.0","58.07","0.0","0.0","0.0","0.0","0.72","0.72","0.0","0.0","0.0","0.0","0.0","13.85","0.0"
"934","2017","2","Bihar","Jehanabad","35.53","21.79","0.0","0.0","0.0","0.0","0.2","0.0","0.0","0.0","0.0","0.11","0.11","0.0","0.0","0.0","0.04","0.0","2.58","0.0"
"935","2017","2","Bihar","Madhepura","50.71","31.13","0.0","0.0","0.0","0.0","34.22","0.0","0.0","0.0","0.0","0.65","0.65","0.0","0.0","0.0","0.0","0.0","6.73","0.0"
"936","2017","2","Bihar","Khagaria","8.18","28.31","0.0","0.0","0.0","0.0","41.55","0.0","0.01","0.0","0.0","0.44","0.44","0.0","0.02","0.0","0.0","0.0","4.4","0.0"
"945","2017","2","Bihar","Araria","49.61","25.36","0.0","0.0","0.0","0.0","48.01","0.0","0.0","0.0","0.0","0.0","0.0","0.0","0.0","0.0","0.0","0.0","6.06","0.0"
"946","2017","2","Bihar","Kishanganj","22.49","16.7","0.0","0.0","0.0","0.0","3.19","0.0","0.0","0.0","0.0","0.0","0.0","0.0","0.0","0.0","0.0","0.0","3.57","0.0"
"947","2017","2","Bihar","Buxar","87.48","78.48","0.0","0.0","0.0","0.0","0.25","0.0","0.68","0.0","0.0","0.26","0.26","0.0","0.0","0.0","0.12","0.0","10.48","0.005"
"948","2017","2","Bihar","Bhabhua Kaimur","116.64","68.03","0.0","0.0","0.0","0.0","0.0","0.0","0.1","0.0","0.0","0.06","0.06","0.0","0.0","0.0","0.07","0.0","0.91","0.0"
"949","2017","2","Bihar","Banka","75.16","31.73","0.0","0.0","0.0","0.0","4.15","0.0","0.02","0.17","0.0","0.89","1.05","0.0","0.0","0.0","0.8","0.0","5.81","0.0"
"950","2017","2","Bihar","Jamui","20.99","35.87","0.0","0.0","0.0","0.0","1.31","0.0","0.01","0.35","0.0","0.89","1.24","0.0","0.0","0.0","0.32","0.0","2.78","0.0"
"951","2017","2","Bihar","Supaul","76.36","50.72","0.0","0.0","0.0","0.0","16.81","0.0","0.0","0.0","0.0","0.56","0.56","0.0","0.01","0.0","0.0","0.0","12.53","0.0"
"956","2017","2","Bihar","Lakhisarai","31.53","29.69","0.0","0.0","0.0","0.0","0.08","0.0","0.0","0.0","0.0","0.01","0.01","0.0","0.0","0.0","0.0","0.0","0.1","0.0"
"958","2017","2","Bihar","Sheikapura","30.7","20.91","0.0","0.0","0.0","0.0","0.22","0.0","0.0","0.0","0.0","0.33","0.33","0.0","0.0","0.0","0.0","0.0","1.46","0.001"
"960","2017","2","Bihar","Sheohar","8.17","14.23","0.0","0.0","0.0","0.0","1.4","0.0","0.0","0.0","0.0","0.22","0.22","0.0","0.04","0.0","0.25","0.0","1.22","0.0"
"961","2017","2","Bihar","Arwal","42.52","13.56","0.0","0.0","0.0","0.0","0.31","0.0","0.0","0.0","0.0","0.12","0.12","0.0","0.0","0.0","0.02","0.0","1.87","0.0"
"1001","2017","3","Gujarat","Anand","111.4","57.1","0.0","0.0","0.0","39.4","0.1","0.0","0.0","3.8","0.1","0.8","4.7","0.0","0.1","0.0","0.0","1.9","51.7","0.0"
"1002","2017","3","Gujarat","Dahod","20.1","33.7","0.0","0.0","0.0","0.0","15.2","0.0","0.0","20.0","0.0","1.6","21.7","1.4","0.0","0.0","0.0","0.0","7.8","0.0"
"1003","2017","3","Gujarat","Narmada","0.0","1.2","0.0","0.8","0.8","0.1","1.2","0.0","0.0","1.3","0.0","0.4","1.6","0.3","0.0","0.0","5.0","24.5","12.1","0.0"
"1004","2017","3","Gujarat","Navsari","37.2","0.2","0.0","0.6","0.6","0.0","0.4","0.0","0.0","0.1","0.0","1.1","1.2","0.0","0.0","0.0","17.0","0.0","29.1","0.0"
"1005","2017","3","Gujarat","Patan","0.5","36.1","0.0","0.0","0.0","4.1","0.1","0.0","0.0","3.1","0.0","0.0","3.1","0.4","0.0","0.0","0.0","23.5","8.8","0.0"
"1006","2017","3","Gujarat","Porbandar","0.0","7.1","0.5","0.1","0.6","0.1","0.0","0.0","0.0","1.8","0.0","2.8","4.5","18.0","0.1","0.0","0.0","9.9","1.6","0.0"
"1007","2017","4","Haryana","Fatehabad","118.0","188.0","-1.0","-1.0","0.0","2.0","0.0","-1.0","1.0","1.0","-1.0","1.0","2.0","-1.0","-1.0","-1.0","1.0","71.0","-1.0","0.0"
"1008","2017","4","Haryana","Jhajjar","40.0","106.0","-1.0","-1.0","8.0","31.0","-1.0","-1.0","2.0","-1.0","-1.0","1.0","1.0","-1.0","-1.0","-1.0","3.0","7.0","-1.0","0.0"
"1009","2017","4","Haryana","Panchkula","10.0","15.0","-1.0","-1.0","0.0","-1.0","-1.0","-1.0","-1.0","0.0","-1.0","0.0","-1.0","-1.0","-1.0","-1.0","1.0","0.0","-1.0","0.0"
"1010","2017","5","Karnataka","Bagalkote","0.0","20.27","0.22","9.92","10.15","3.72","59.32","0.0","0.0","15.3","1.99","1.51","18.81","24.84","0.0","0.0","109.97","1.13","34.35","0.239"
"1011","2017","5","Karnataka","Chamaraja Nagar","3.01","0.0","0.06","0.0","0.06","0.15","12.81","2.46","0.0","0.12","0.27","0.0","0.39","0.03","0.0","0.0","6.79","0.27","19.41","0.0"
"1012","2017","5","Karnataka","Davanagere","64.4","0.12","1.22","1.72","2.95","0.13","20.95","6.59","0.0","0.11","0.54","1.07","1.72","2.18","0.0","0.0","3.8","1.24","18.06","0.043"
"1013","2017","5","Karnataka","Gadag","2.4","7.96","0.94","8.61","9.55","0.1","15.55","0.0","0.0","13.58","0.17","0.58","14.33","6.92","0.0","0.0","6.84","9.26","5.83","0.0"
"1014","2017","5","Karnataka","Haveri","19.18","0.12","0.03","4.87","4.9","0.0","36.28","0.02","0.0","0.83","0.05","2.37","3.25","2.63","0.0","0.0","13.35","5.85","12.79","0.094"
"1015","2017","5","Karnataka","Koppal","53.69","0.05","0.69","0.42","1.11","4.28","17.77","0.0","0.0","0.66","0.29","2.01","2.97","24.06","0.0","0.0","1.61","2.93","16.72","0.0"
"1016","2017","5","Karnataka","Udupi","4.54","0.0","0.0","0.0","0.0","0.0","0.01","0.0","0.0","0.0","0.0","0.0","0.0","0.0","0.0","0.0","0.02","0.0","1.9","0.038"
"1017","2017","9","Punjab","S.B.S Nagar","60.24","76.28","0.0","0.0","0.0","0.0","7.85","0.0","0.0","0.0","0.01","0.01","0.02","0.0","0.0","0.01","5.7","0.0","3.03","10.958"
"1018","2017","9","Punjab","Shri Mukatsar Sahib","173.22","210.79","0.0","0.0","0.0","0.0","0.0","0.0","0.34","0.05","0.23","0.05","0.33","0.01","0.0","0.0","0.25","36.32","6.95","19.72"
"1019","2017","9","Punjab","Moga","180.88","175.24","0.0","0.0","0.0","0.0","0.08","0.0","0.3","0.05","0.22","0.16","0.43","0.0","0.01","0.0","0.0","0.22","8.19","20.566"
"1020","2017","10","Rajasthan","Karoli","0.0","75.25","0.0","0.0","0.0","0.0","0.0","0.0","0.2","1.57","0.0","0.01","1.58","0.01","0.0","0.0","0.01","0.01","1.14","0.31"
"1030","2017","16","Uttarakhand","Udham Singh Nagar","121.26","105.11","0.0","0.0","0.0","0.0","0.05","0.0","0.01","0.01","0.0","2.61","2.62","0.0","0.0","0.0","14.58","0.0","3.01","5.471"
"1032","2017","16","Uttarakhand","Bageshwar","6.02","6.37","0.0","0.0","0.0","0.0","0.01","0.01","0.02","0.0","0.0","0.02","0.02","0.0","0.0","0.0","0.0","0.0","0.02","0.006"
"1035","2017","16","Uttarakhand","Champavat","1.52","1.22","0.0","0.0","0.0","0.0","0.03","0.0","0.0","0.0","0.0","0.0","0.0","0.0","0.0","0.0","0.01","0.0","0.05","0.081"
"1043","2017","16","Uttarakhand","Rudraprayag","2.19","2.23","0.0","0.0","0.0","0.0","0.0","0.0","0.03","0.0","0.0","0.0","0.0","0.0","0.0","0.0","0.0","0.0","0.0","0.0"
"1047","2017","17","Assam","Bongaigaon","18.11","0.03","0.0","0.0","0.0","0.0","0.53","0.0","0.0","0.0","0.0","0.15","0.15","0.0","0.0","0.0","0.0","0.0","0.68","0.0"
"1048","2017","17","Assam","Dhemaji","0.56","0.0","0.0","0.0","0.0","0.0","0.0","0.0","0.0","0.0","0.0","0.0","0.0","0.0","0.0","0.0","0.0","0.0","0.01","0.0"
"1049","2017","17","Assam","Hailakandi","1.95","0.0","0.0","0.0","0.0","0.0","0.0","0.0","0.0","0.0","0.0","0.0","0.0","0.0","0.0","0.0","0.0","0.0","0.0","0.0"
"1050","2017","17","Assam","Marigaon","4.11","1.41","0.0","0.0","0.0","0.0","0.0","0.0","0.0","0.0","0.0","0.0","0.0","0.0","0.0","0.0","0.0","0.0","0.0","0.0"
"1051","2017","17","Assam","Tinsukia","0.43","0.0","0.0","0.0","0.0","0.0","0.0","0.0","0.0","0.0","0.0","0.0","0.0","0.0","0.0","0.0","0.0","0.0","0.01","0.0"
"1057","2017","6","Madhya Pradesh","Dindori","0.02","3.34","0.0","0.0","0.0","0.0","0.0","0.0","0.0","0.18","0.0","0.35","0.53","0.0","0.0","0.0","0.0","0.0","0.31","0.0"
"1058","2017","6","Madhya Pradesh","Harda","0.33","129.67","0.0","0.0","0.0","0.0","1.1","0.0","0.0","50.9","0.0","0.24","51.14","0.0","0.01","0.0","0.16","0.0","0.41","0.296"
"1060","2017","6","Madhya Pradesh","Barwani","0.0","51.92","0.03","1.14","1.17","0.08","8.79","0.0","0.0","11.15","1.31","0.87","13.34","1.78","0.02","0.0","4.39","44.91","10.32","0.707"
"1061","2017","6","Madhya Pradesh","Katni","67.93","123.51","0.0","0.0","0.0","0.0","0.11","0.0","0.15","13.09","0.0","2.23","15.32","0.0","0.0","0.0","0.11","0.0","3.65","0.0"
"1062","2017","6","Madhya Pradesh","Neemuch","0.0","49.09","0.0","0.0","0.0","0.0","0.0","0.0","1.07","12.99","0.0","1.63","14.63","0.0","0.0","2.4","0.01","0.14","2.07","0.99"
"1063","2017","6","Madhya Pradesh","Sheopur Kalan","26.2","77.91","0.0","0.0","0.0","0.0","0.0","0.0","0.27","15.11","0.0","0.03","15.14","0.0","0.0","0.07","0.0","0.19","0.5","0.789"
"1064","2017","6","Madhya Pradesh","Umaria","7.01","27.59","0.0","0.0","0.0","0.0","0.0","0.0","0.05","2.16","0.0","0.37","2.53","0.0","0.0","0.0","0.03","0.0","0.91","0.0"
"1071","2017","6","Madhya Pradesh","Anuppur","0.0","3.54","0.0","0.0","0.0","0.0","0.0","0.0","0.0","0.11","0.0","0.1","0.21","0.0","0.0","0.0","0.0","0.0","1.15","0.0"
"1081","2017","6","Madhya Pradesh","Ashoknagar","1.76","93.2","0.0","0.0","0.0","0.0","0.0","0.0","0.1","128.86","0.0","21.21","150.07","0.01","0.0","0.0","0.35","0.0","0.6","0.181"
"1082","2017","6","Madhya Pradesh","Burhanpur","0.0","11.66","0.0","0.0","0.0","0.0","4.98","0.0","0.0","11.08","0.89","0.11","12.08","0.01","0.0","0.0","6.05","15.77","22.66","0.0"
"2001","2017","3","Gujarat","Tapi","34.7","3.5","3.6","1.5","5.1","0.0","1.4","0.0","0.0","2.5","2.8","4.5","9.8","4.0","0.0","0.0","26.6","1.2","9.8","0.0"
"2002","2017","4","Haryana","Mewat","11.0","74.0","-1.0","-1.0","1.0","11.0","0.0","-1.0","1.0","-1.0","-1.0","1.0","1.0","-1.0","-1.0","-1.0","-1.0","4.0","-1.0","0.0"
"2003","2017","4","Haryana","Palwal","36.0","94.0","-1.0","-1.0","8.0","5.0","0.0","-1.0","1.0","0.0","-1.0","0.0","-1.0","-1.0","-1.0","-1.0","2.0","17.0","-1.0","0.0"
"2004","2017","5","Karnataka","Ramanagaram","4.28","0.0","0.0","0.0","0.0","0.0","0.54","0.73","0.0","0.0","0.0","0.0","0.0","0.0","0.0","0.0","0.22","0.0","4.29","2.489"
"2005","2017","5","Karnataka","Chikkaballapur","0.38","0.0","0.0","0.0","0.0","0.08","11.47","2.19","0.0","0.0","1.06","0.03","1.09","0.3","0.0","0.0","0.21","0.04","22.33","0.466"
"2006","2017","6","Madhya Pradesh","Alirajpur","0.0","18.71","0.0","0.13","0.13","0.07","6.35","0.0","0.0","8.69","0.0","0.18","8.87","0.58","0.01","0.0","0.01","0.51","0.7","0.048"
"2007","2017","6","Madhya Pradesh","Singrauli","8.09","29.05","0.0","0.0","0.0","0.0","0.0","0.0","1.12","0.43","0.0","0.26","0.69","0.0","0.0","0.0","0.02","0.0","2.56","0.0"
"2009","2017","9","Punjab","Taran Taran","181.71","186.28","0.0","0.0","0.0","0.11","0.4","0.0","0.0","0.02","0.15","0.4","0.57","0.0","0.57","0.0","0.34","0.02","2.32","20.412"
"2010","2017","9","Punjab","Barnala","113.05","113.65","0.0","0.0","0.0","0.0","0.06","0.0","0.33","0.07","0.08","0.12","0.27","0.0","0.0","0.0","0.55","2.96","2.23","10.151"
"2011","2017","9","Punjab","S.A.S Nagar","31.2","50.16","0.0","0.0","0.0","0.28","5.56","0.0","0.07","0.06","0.23","0.58","0.88","0.0","0.0","0.0","1.08","0.0","4.55","4.522"
"2012","2017","10","Rajasthan","Pratapgarh","0.0","64.52","0.0","0.0","0.0","0.0","0.3","0.0","1.38","15.49","0.0","8.96","24.45","0.0","0.0","2.04","0.0","0.07","0.6","1.134"
"2017","2017","17","Assam","Udalguri","16.52","0.0","0.0","0.0","0.0","0.0","0.0","0.0","0.0","0.0","0.0","0.0","0.0","0.0","0.0","0.0","0.0","0.0","0.0","0.0"
"2018","2017","17","Assam","Baksa","10.33","0.0","0.0","0.0","0.0","0.0","0.0","0.0","0.0","0.05","0.0","0.025","0.075","0.0","0.0","0.042","0.13","0.0","0.097","0.0"
"2019","2017","17","Assam","Chirang","7.75","0.0","0.0","0.0","0.0","0.0","0.0","0.0","0.0","0.0","0.0","0.235","0.235","0.0","0.0","0.0","0.0","0.0","0.603","0.0"
"2025","2017","5","Karnataka","Yadagiri","105.17","0.02","0.05","3.27","3.32","4.97","0.04","0.0","0.0","0.07","5.22","0.11","5.4","28.62","0.0","0.0","1.58","31.06","1.94","0.0"
"2028","2017","17","Assam","Kamrup(Metro)","1.14","0.0","0.0","0.0","0.0","0.0","0.0","0.0","0.0","0.0","0.008","0.143","0.151","0.0","0.0","0.0","0.0","0.0","0.292","0.0"
"2030","2017","9","Punjab","Pathankot","22.09","21.46","0.0","0.0","0.0","0.0","0.42","0.0","0.0","0.01","0.0","0.04","0.05","0.0","0.0","0.0","2.72","0.0","1.19","2.91"
"2043","2017","9","Punjab","Fazilka","109.09","210.44","0.0","0.0","0.0","0.13","1.33","0.0","1.26","1.06","0.25","0.86","2.17","0.0","0.1","0.0","2.4","84.38","24.06","25.292"
"2050","2017","3","Gujarat","Aravalli","0.9","65.3","0.0","0.3","0.3","2.7","11.0","0.0","0.0","3.0","0.0","0.8","3.8","12.7","0.2","0.0","0.0","39.9","28.3","0.0"
"2051","2017","3","Gujarat","Botad","0.0","7.7","0.0","0.0","0.0","0.1","0.0","0.0","0.0","2.2","0.5","0.0","2.7","0.0","0.1","0.0","0.0","137.7","4.2","0.0"
"2052","2017","3","Gujarat","Chhota Udaipur","7.2","0.5","0.0","7.1","7.1","0.1","18.8","0.0","0.0","0.3","0.0","0.4","0.7","0.3","0.2","0.0","0.0","52.1","3.0","0.0"
"2053","2017","3","Gujarat","Devbhoomi Dwarka","0.0","3.1","0.0","0.3","0.3","0.0","0.6","0.0","0.0","3.9","0.0","0.4","4.3","5.3","0.2","0.0","0.0","23.2","3.0","0.0"
"2054","2017","3","Gujarat","Gir Somnath","0.0","45.9","0.0","0.4","0.4","3.9","0.3","0.0","0.0","10.6","0.0","9.0","19.5","0.4","2.2","0.0","6.4","7.6","11.3","0.0"
"2055","2017","3","Gujarat","Mahi Sagar","6.8","22.0","0.0","0.1","0.1","2.1","13.2","0.0","0.0","6.2","1.1","2.3","9.5","1.8","0.1","0.0","0.5","0.9","4.1","0.0"
"2056","2017","3","Gujarat","Morbi","0.0","15.1","0.0","0.0","0.0","0.1","0.0","0.0","0.8","4.3","0.0","0.0","4.3","10.5","0.2","0.0","0.1","144.1","3.7","0.0"
"2057","2017","4","Haryana","Charkhi Dadri","9.0","55.0","-1.0","-1.0","2.0","11.0","-1.0","-1.0","2.0","1.0","-1.0","0.0","1.0","-1.0","-1.0","-1.0","1.0","28.0","-1.0","0.0"
"2058","2017","6","Madhya Pradesh","Agar Malwa","0.0","62.09","0.0","0.0","0.0","0.0","0.0","0.0","0.01","31.1","0.0","11.05","42.14","0.0","0.0","0.0","0.0","0.0","5.47","1.18"
"2101","2017","20","Telangana","Kumurambheem Asifabad","7.52","0.18","0.0","0.15","0.15","0.0","0.5","0.0","0.0","0.0","0.02","0.013","0.033","0.0","0.0","0.0","0.001","0.626","2.062","0.0"
"2102","2017","20","Telangana","Macherial","47.26","0.0","0.0","0.0","0.0","0.0","0.96","0.0","0.0","0.0","0.0","0.007","0.007","0.214","0.0","0.0","0.0","6.061","2.126","0.0"
"2103","2017","20","Telangana","Nirmal","36.19","0.91","0.0","0.99","0.99","1.14","23.39","0.0","0.0","0.444","0.331","0.168","0.943","0.231","3.646","0.0","0.002","8.272","3.923","0.0"
"2104","2017","20","Telangana","Jagityal","92.54","0.0","0.0","0.24","0.24","1.91","27.75","0.0","0.0","0.191","0.0","2.781","2.972","0.936","6.898","0.0","0.511","2.359","14.212","0.0"
"2105","2017","20","Telangana","Peddapally","88.67","0.0","0.0","0.0","0.0","0.0","5.15","0.0","0.0","0.051","0.108","0.072","0.231","0.029","0.033","0.0","0.0","18.287","2.617","0.0"
"2106","2017","20","Telangana","Rajanna Siricilla","45.63","0.0","0.0","0.0","0.0","0.0","0.5","0.0","0.0","0.0","0.0","0.175","0.175","0.166","0.126","0.0","0.009","2.365","1.965","0.0"
"2107","2017","20","Telangana","Bhadradri Kothagudam","47.02","0.0","0.0","0.0","0.0","0.0","5.76","0.0","0.0","0.0","0.0","0.021","0.021","1.12","0.009","0.0","1.098","3.99","1.81","0.0"
"2108","2017","20","Telangana","Jogulamba Gadwal","24.29","0.0","0.0","0.05","0.05","0.0","3.4","0.0","0.0","0.312","0.972","0.614","1.898","16.616","0.0","0.0","2.034","22.407","8.469","0.0"
"2109","2017","20","Telangana","Nagarkurnool","25.91","0.0","0.0","0.01","0.01","0.0","0.54","0.002","0.0","0.064","0.011","0.16","0.235","52.59","0.0","0.0","0.06","0.0","9.974","0.0"
"2110","2017","20","Telangana","Wanaparthy","55.6","0.0","0.0","0.05","0.05","0.0","1.04","0.001","0.0","2.191","0.344","2.489","5.024","25.213","0.0","0.0","3.653","0.042","5.609","0.0"
"2111","2017","20","Telangana","Sangareddy","39.34","0.51","0.0","2.08","2.08","0.0","1.97","0.0","0.0","0.162","0.0","0.0","0.162","0.11","0.007","0.0","33.785","8.755","13.088","0.0"
"2112","2017","20","Telangana","Siddipet","79.87","0.01","0.0","0.0","0.0","0.0","11.82","0.0","0.0","0.0","0.0","0.41","0.41","1.111","0.031","0.0","0.296","0.0","16.071","0.0"
"2113","2017","20","Telangana","Suryapet","155.58","0.0","0.0","0.0","0.0","0.0","0.15","0.0","0.0","0.052","0.0","0.299","0.351","5.934","0.0","0.0","1.709","0.0","9.691","0.0"
"2114","2017","20","Telangana","Yadadri Bhuvanagiri","98.93","0.0","0.0","0.0","0.0","0.0","0.04","0.0","0.0","0.0","0.0","0.0","0.0","0.035","0.0","0.0","0.019","0.0","9.812","0.0"
"2115","2017","20","Telangana","Kamareddy","93.92","0.45","0.0","1.54","1.54","0.0","17.51","0.0","0.0","0.0","0.0","0.722","0.722","0.158","0.029","0.0","9.009","0.0","2.861","0.0"
"2116","2017","20","Telangana","Malkaigiri","9.4","0.0","0.0","0.01","0.01","0.0","0.13","0.0","0.0","0.0","0.0","0.0","0.0","0.0","0.0","0.0","0.0","0.0","3.24","0.0"
"2117","2017","20","Telangana","Vikarabad","19.49","0.1","0.0","0.47","0.47","0.0","0.5","0.027","0.0","0.141","0.076","0.061","0.278","5.16","0.0","0.0","4.105","0.0","9.509","0.0"
"2118","2017","20","Telangana","Jayashankar Bhuppaly","79.23","0.0","0.0","0.0","0.0","0.0","6.44","0.0","0.0","0.024","0.019","0.143","0.186","0.489","0.036","0.0","0.0","21.442","1.116","0.0"
"2119","2017","20","Telangana","Janagaon","51.36","0.0","0.0","0.0","0.0","0.0","6.77","0.0","0.0","0.052","0.021","0.357","0.43","1.637","0.005","0.0","0.01","12.05","5.433","0.0"
"2120","2017","20","Telangana","Warangal Urban","34.8","0.0","0.0","0.0","0.0","0.0","19.17","0.0","0.0","0.0","0.111","0.205","0.316","0.57","0.008","0.0","0.0","21.945","4.613","0.0"
"2121","2017","20","Telangana","Mahabubabad","52.99","0.0","0.0","0.65","0.65","0.0","6.09","0.0","0.0","0.0","0.0","1.08","1.08","9.131","0.013","0.0","0.034","29.948","7.775","0.0"